"compactness","surface_area","wall_area","roof_area","height","orientation","glazing_area","glazing_area_distribution","electricity"
0.98,514.5,294,110.25,7,2,0,0,155.5
0.98,514.5,294,110.25,7,3,0,0,155.5
0.98,514.5,294,110.25,7,4,0,0,155.5
0.98,514.5,294,110.25,7,5,0,0,155.5
0.9,563.5,318.5,122.5,7,2,0,0,208.4
0.9,563.5,318.5,122.5,7,3,0,0,214.6
0.9,563.5,318.5,122.5,7,4,0,0,207.1
0.9,563.5,318.5,122.5,7,5,0,0,196.8
0.86,588,294,147,7,2,0,0,195
0.86,588,294,147,7,3,0,0,199.5
0.86,588,294,147,7,4,0,0,193.4
0.86,588,294,147,7,5,0,0,183.1
0.82,612.5,318.5,147,7,2,0,0,170.5
0.82,612.5,318.5,147,7,3,0,0,174.1
0.82,612.5,318.5,147,7,4,0,0,169.5
0.82,612.5,318.5,147,7,5,0,0,159.8
0.79,637,343,147,7,2,0,0,285.2
0.79,637,343,147,7,3,0,0,299
0.79,637,343,147,7,4,0,0,296.3
0.79,637,343,147,7,5,0,0,287.5
0.76,661.5,416.5,122.5,7,2,0,0,247.7
0.76,661.5,416.5,122.5,7,3,0,0,239.3
0.76,661.5,416.5,122.5,7,4,0,0,247.7
0.76,661.5,416.5,122.5,7,5,0,0,239.3
0.74,686,245,220.5,3.5,2,0,0,60.7
0.74,686,245,220.5,3.5,3,0,0,60.5
0.74,686,245,220.5,3.5,4,0,0,60.1
0.74,686,245,220.5,3.5,5,0,0,60.4
0.71,710.5,269.5,220.5,3.5,2,0,0,63.7
0.71,710.5,269.5,220.5,3.5,3,0,0,64
0.71,710.5,269.5,220.5,3.5,4,0,0,63.7
0.71,710.5,269.5,220.5,3.5,5,0,0,64
0.69,735,294,220.5,3.5,2,0,0,68.5
0.69,735,294,220.5,3.5,3,0,0,67.9
0.69,735,294,220.5,3.5,4,0,0,67.7
0.69,735,294,220.5,3.5,5,0,0,68.1
0.66,759.5,318.5,220.5,3.5,2,0,0,71.8
0.66,759.5,318.5,220.5,3.5,3,0,0,71
0.66,759.5,318.5,220.5,3.5,4,0,0,71
0.66,759.5,318.5,220.5,3.5,5,0,0,71
0.64,784,343,220.5,3.5,2,0,0,108.5
0.64,784,343,220.5,3.5,3,0,0,105.4
0.64,784,343,220.5,3.5,4,0,0,107.7
0.64,784,343,220.5,3.5,5,0,0,105.6
0.62,808.5,367.5,220.5,3.5,2,0,0,86
0.62,808.5,367.5,220.5,3.5,3,0,0,84.9
0.62,808.5,367.5,220.5,3.5,4,0,0,84.5
0.62,808.5,367.5,220.5,3.5,5,0,0,85
0.98,514.5,294,110.25,7,2,0.1,1,245.8
0.98,514.5,294,110.25,7,3,0.1,1,246.3
0.98,514.5,294,110.25,7,4,0.1,1,246.3
0.98,514.5,294,110.25,7,5,0.1,1,245.9
0.9,563.5,318.5,122.5,7,2,0.1,1,290.3
0.9,563.5,318.5,122.5,7,3,0.1,1,298.7
0.9,563.5,318.5,122.5,7,4,0.1,1,291.4
0.9,563.5,318.5,122.5,7,5,0.1,1,280.9
0.86,588,294,147,7,2,0.1,1,262.8
0.86,588,294,147,7,3,0.1,1,269.1
0.86,588,294,147,7,4,0.1,1,263.7
0.86,588,294,147,7,5,0.1,1,252.7
0.82,612.5,318.5,147,7,2,0.1,1,235.3
0.82,612.5,318.5,147,7,3,0.1,1,240.3
0.82,612.5,318.5,147,7,4,0.1,1,235.4
0.82,612.5,318.5,147,7,5,0.1,1,225.8
0.79,637,343,147,7,2,0.1,1,355.6
0.79,637,343,147,7,3,0.1,1,371.2
0.79,637,343,147,7,4,0.1,1,369
0.79,637,343,147,7,5,0.1,1,359.4
0.76,661.5,416.5,122.5,7,2,0.1,1,329.6
0.76,661.5,416.5,122.5,7,3,0.1,1,321.2
0.76,661.5,416.5,122.5,7,4,0.1,1,329.4
0.76,661.5,416.5,122.5,7,5,0.1,1,322.1
0.74,686,245,220.5,3.5,2,0.1,1,103.6
0.74,686,245,220.5,3.5,3,0.1,1,104.3
0.74,686,245,220.5,3.5,4,0.1,1,103.6
0.74,686,245,220.5,3.5,5,0.1,1,103.9
0.71,710.5,269.5,220.5,3.5,2,0.1,1,107.1
0.71,710.5,269.5,220.5,3.5,3,0.1,1,108
0.71,710.5,269.5,220.5,3.5,4,0.1,1,107
0.71,710.5,269.5,220.5,3.5,5,0.1,1,107.5
0.69,735,294,220.5,3.5,2,0.1,1,111.1
0.69,735,294,220.5,3.5,3,0.1,1,111.3
0.69,735,294,220.5,3.5,4,0.1,1,110.9
0.69,735,294,220.5,3.5,5,0.1,1,111.6
0.66,759.5,318.5,220.5,3.5,2,0.1,1,116.8
0.66,759.5,318.5,220.5,3.5,3,0.1,1,116.9
0.66,759.5,318.5,220.5,3.5,4,0.1,1,117
0.66,759.5,318.5,220.5,3.5,5,0.1,1,116.9
0.64,784,343,220.5,3.5,2,0.1,1,154.1
0.64,784,343,220.5,3.5,3,0.1,1,152
0.64,784,343,220.5,3.5,4,0.1,1,154.2
0.64,784,343,220.5,3.5,5,0.1,1,152.1
0.62,808.5,367.5,220.5,3.5,2,0.1,1,129.6
0.62,808.5,367.5,220.5,3.5,3,0.1,1,129.7
0.62,808.5,367.5,220.5,3.5,4,0.1,1,129.3
0.62,808.5,367.5,220.5,3.5,5,0.1,1,130.2
0.98,514.5,294,110.25,7,2,0.1,2,242.9
0.98,514.5,294,110.25,7,3,0.1,2,243.1
0.98,514.5,294,110.25,7,4,0.1,2,241.3
0.98,514.5,294,110.25,7,5,0.1,2,242.5
0.9,563.5,318.5,122.5,7,2,0.1,2,288.8
0.9,563.5,318.5,122.5,7,3,0.1,2,296.8
0.9,563.5,318.5,122.5,7,4,0.1,2,288.3
0.9,563.5,318.5,122.5,7,5,0.1,2,279
0.86,588,294,147,7,2,0.1,2,264.8
0.86,588,294,147,7,3,0.1,2,270.2
0.86,588,294,147,7,4,0.1,2,263.3
0.86,588,294,147,7,5,0.1,2,253.6
0.82,612.5,318.5,147,7,2,0.1,2,237.5
0.82,612.5,318.5,147,7,3,0.1,2,242.3
0.82,612.5,318.5,147,7,4,0.1,2,236.7
0.82,612.5,318.5,147,7,5,0.1,2,227.9
0.79,637,343,147,7,2,0.1,2,356.5
0.79,637,343,147,7,3,0.1,2,372.6
0.79,637,343,147,7,4,0.1,2,369.7
0.79,637,343,147,7,5,0.1,2,360.3
0.76,661.5,416.5,122.5,7,2,0.1,2,331.6
0.76,661.5,416.5,122.5,7,3,0.1,2,324
0.76,661.5,416.5,122.5,7,4,0.1,2,331.2
0.76,661.5,416.5,122.5,7,5,0.1,2,324.1
0.74,686,245,220.5,3.5,2,0.1,2,104.2
0.74,686,245,220.5,3.5,3,0.1,2,104.6
0.74,686,245,220.5,3.5,4,0.1,2,103.2
0.74,686,245,220.5,3.5,5,0.1,2,104.5
0.71,710.5,269.5,220.5,3.5,2,0.1,2,106.4
0.71,710.5,269.5,220.5,3.5,3,0.1,2,107.2
0.71,710.5,269.5,220.5,3.5,4,0.1,2,105.5
0.71,710.5,269.5,220.5,3.5,5,0.1,2,106.8
0.69,735,294,220.5,3.5,2,0.1,2,114.5
0.69,735,294,220.5,3.5,3,0.1,2,114.6
0.69,735,294,220.5,3.5,4,0.1,2,113.2
0.69,735,294,220.5,3.5,5,0.1,2,114.9
0.66,759.5,318.5,220.5,3.5,2,0.1,2,114.5
0.66,759.5,318.5,220.5,3.5,3,0.1,2,114.2
0.66,759.5,318.5,220.5,3.5,4,0.1,2,113.3
0.66,759.5,318.5,220.5,3.5,5,0.1,2,114.3
0.64,784,343,220.5,3.5,2,0.1,2,154.1
0.64,784,343,220.5,3.5,3,0.1,2,151.8
0.64,784,343,220.5,3.5,4,0.1,2,153.4
0.64,784,343,220.5,3.5,5,0.1,2,151.9
0.62,808.5,367.5,220.5,3.5,2,0.1,2,128.8
0.62,808.5,367.5,220.5,3.5,3,0.1,2,130
0.62,808.5,367.5,220.5,3.5,4,0.1,2,129.7
0.62,808.5,367.5,220.5,3.5,5,0.1,2,130.4
0.98,514.5,294,110.25,7,2,0.1,3,242.8
0.98,514.5,294,110.25,7,3,0.1,3,244
0.98,514.5,294,110.25,7,4,0.1,3,241.1
0.98,514.5,294,110.25,7,5,0.1,3,243.5
0.9,563.5,318.5,122.5,7,2,0.1,3,280.7
0.9,563.5,318.5,122.5,7,3,0.1,3,290.1
0.9,563.5,318.5,122.5,7,4,0.1,3,296.2
0.9,563.5,318.5,122.5,7,5,0.1,3,290.5
0.86,588,294,147,7,2,0.1,3,254.1
0.86,588,294,147,7,3,0.1,3,264.7
0.86,588,294,147,7,4,0.1,3,268.9
0.86,588,294,147,7,5,0.1,3,264.6
0.82,612.5,318.5,147,7,2,0.1,3,229.3
0.82,612.5,318.5,147,7,3,0.1,3,238.4
0.82,612.5,318.5,147,7,4,0.1,3,241.7
0.82,612.5,318.5,147,7,5,0.1,3,238.7
0.79,637,343,147,7,2,0.1,3,357.8
0.79,637,343,147,7,3,0.1,3,354.8
0.79,637,343,147,7,4,0.1,3,369.7
0.79,637,343,147,7,5,0.1,3,367
0.76,661.5,416.5,122.5,7,2,0.1,3,325.2
0.76,661.5,416.5,122.5,7,3,0.1,3,332.8
0.76,661.5,416.5,122.5,7,4,0.1,3,323.3
0.76,661.5,416.5,122.5,7,5,0.1,3,332.4
0.74,686,245,220.5,3.5,2,0.1,3,103.9
0.74,686,245,220.5,3.5,3,0.1,3,103.4
0.74,686,245,220.5,3.5,4,0.1,3,103.5
0.74,686,245,220.5,3.5,5,0.1,3,103.8
0.71,710.5,269.5,220.5,3.5,2,0.1,3,107.7
0.71,710.5,269.5,220.5,3.5,3,0.1,3,106.8
0.71,710.5,269.5,220.5,3.5,4,0.1,3,106.8
0.71,710.5,269.5,220.5,3.5,5,0.1,3,107
0.69,735,294,220.5,3.5,2,0.1,3,112.2
0.69,735,294,220.5,3.5,3,0.1,3,111.6
0.69,735,294,220.5,3.5,4,0.1,3,111
0.69,735,294,220.5,3.5,5,0.1,3,111.4
0.66,759.5,318.5,220.5,3.5,2,0.1,3,115.9
0.66,759.5,318.5,220.5,3.5,3,0.1,3,116
0.66,759.5,318.5,220.5,3.5,4,0.1,3,115.3
0.66,759.5,318.5,220.5,3.5,5,0.1,3,116.1
0.64,784,343,220.5,3.5,2,0.1,3,151.6
0.64,784,343,220.5,3.5,3,0.1,3,153.6
0.64,784,343,220.5,3.5,4,0.1,3,151.2
0.64,784,343,220.5,3.5,5,0.1,3,153.6
0.62,808.5,367.5,220.5,3.5,2,0.1,3,126.8
0.62,808.5,367.5,220.5,3.5,3,0.1,3,126.3
0.62,808.5,367.5,220.5,3.5,4,0.1,3,127.1
0.62,808.5,367.5,220.5,3.5,5,0.1,3,127.3
0.98,514.5,294,110.25,7,2,0.1,4,243.8
0.98,514.5,294,110.25,7,3,0.1,4,242.3
0.98,514.5,294,110.25,7,4,0.1,4,240.4
0.98,514.5,294,110.25,7,5,0.1,4,243.2
0.9,563.5,318.5,122.5,7,2,0.1,4,290.6
0.9,563.5,318.5,122.5,7,3,0.1,4,280.5
0.9,563.5,318.5,122.5,7,4,0.1,4,288.6
0.9,563.5,318.5,122.5,7,5,0.1,4,297.9
0.86,588,294,147,7,2,0.1,4,264.4
0.86,588,294,147,7,3,0.1,4,253.7
0.86,588,294,147,7,4,0.1,4,263.3
0.86,588,294,147,7,5,0.1,4,270.3
0.82,612.5,318.5,147,7,2,0.1,4,238
0.82,612.5,318.5,147,7,3,0.1,4,228
0.82,612.5,318.5,147,7,4,0.1,4,235.9
0.82,612.5,318.5,147,7,5,0.1,4,242.4
0.79,637,343,147,7,2,0.1,4,368.6
0.79,637,343,147,7,3,0.1,4,358.9
0.79,637,343,147,7,4,0.1,4,354.5
0.79,637,343,147,7,5,0.1,4,371
0.76,661.5,416.5,122.5,7,2,0.1,4,330.8
0.76,661.5,416.5,122.5,7,3,0.1,4,323.8
0.76,661.5,416.5,122.5,7,4,0.1,4,330.9
0.76,661.5,416.5,122.5,7,5,0.1,4,323.1
0.74,686,245,220.5,3.5,2,0.1,4,100.8
0.74,686,245,220.5,3.5,3,0.1,4,101.5
0.74,686,245,220.5,3.5,4,0.1,4,100.7
0.74,686,245,220.5,3.5,5,0.1,4,101.4
0.71,710.5,269.5,220.5,3.5,2,0.1,4,106.6
0.71,710.5,269.5,220.5,3.5,3,0.1,4,106.8
0.71,710.5,269.5,220.5,3.5,4,0.1,4,105.3
0.71,710.5,269.5,220.5,3.5,5,0.1,4,107.2
0.69,735,294,220.5,3.5,2,0.1,4,111.8
0.69,735,294,220.5,3.5,3,0.1,4,112.2
0.69,735,294,220.5,3.5,4,0.1,4,110.7
0.69,735,294,220.5,3.5,5,0.1,4,112
0.66,759.5,318.5,220.5,3.5,2,0.1,4,114.4
0.66,759.5,318.5,220.5,3.5,3,0.1,4,114.2
0.66,759.5,318.5,220.5,3.5,4,0.1,4,113.3
0.66,759.5,318.5,220.5,3.5,5,0.1,4,114.3
0.64,784,343,220.5,3.5,2,0.1,4,154
0.64,784,343,220.5,3.5,3,0.1,4,151.9
0.64,784,343,220.5,3.5,4,0.1,4,153.2
0.64,784,343,220.5,3.5,5,0.1,4,151.6
0.62,808.5,367.5,220.5,3.5,2,0.1,4,128.5
0.62,808.5,367.5,220.5,3.5,3,0.1,4,130.4
0.62,808.5,367.5,220.5,3.5,4,0.1,4,130
0.62,808.5,367.5,220.5,3.5,5,0.1,4,130
0.98,514.5,294,110.25,7,2,0.1,5,243.5
0.98,514.5,294,110.25,7,3,0.1,5,243.3
0.98,514.5,294,110.25,7,4,0.1,5,240.3
0.98,514.5,294,110.25,7,5,0.1,5,242.6
0.9,563.5,318.5,122.5,7,2,0.1,5,298.3
0.9,563.5,318.5,122.5,7,3,0.1,5,290.8
0.9,563.5,318.5,122.5,7,4,0.1,5,280.3
0.9,563.5,318.5,122.5,7,5,0.1,5,290.2
0.86,588,294,147,7,2,0.1,5,270.3
0.86,588,294,147,7,3,0.1,5,264.5
0.86,588,294,147,7,4,0.1,5,253.6
0.86,588,294,147,7,5,0.1,5,264.5
0.82,612.5,318.5,147,7,2,0.1,5,243.7
0.82,612.5,318.5,147,7,3,0.1,5,238.9
0.82,612.5,318.5,147,7,4,0.1,5,228.9
0.82,612.5,318.5,147,7,5,0.1,5,238.6
0.79,637,343,147,7,2,0.1,5,370.3
0.79,637,343,147,7,3,0.1,5,367.1
0.79,637,343,147,7,4,0.1,5,367.7
0.79,637,343,147,7,5,0.1,5,354.8
0.76,661.5,416.5,122.5,7,2,0.1,5,323.1
0.76,661.5,416.5,122.5,7,3,0.1,5,332.1
0.76,661.5,416.5,122.5,7,4,0.1,5,324.6
0.76,661.5,416.5,122.5,7,5,0.1,5,332.7
0.74,686,245,220.5,3.5,2,0.1,5,104.7
0.74,686,245,220.5,3.5,3,0.1,5,103.7
0.74,686,245,220.5,3.5,4,0.1,5,103.4
0.74,686,245,220.5,3.5,5,0.1,5,103.9
0.71,710.5,269.5,220.5,3.5,2,0.1,5,107.8
0.71,710.5,269.5,220.5,3.5,3,0.1,5,107
0.71,710.5,269.5,220.5,3.5,4,0.1,5,106.7
0.71,710.5,269.5,220.5,3.5,5,0.1,5,136.9
0.69,735,294,220.5,3.5,2,0.1,5,112.1
0.69,735,294,220.5,3.5,3,0.1,5,111.4
0.69,735,294,220.5,3.5,4,0.1,5,111.1
0.69,735,294,220.5,3.5,5,0.1,5,111.6
0.66,759.5,318.5,220.5,3.5,2,0.1,5,113.8
0.66,759.5,318.5,220.5,3.5,3,0.1,5,113.4
0.66,759.5,318.5,220.5,3.5,4,0.1,5,112.2
0.66,759.5,318.5,220.5,3.5,5,0.1,5,113.4
0.64,784,343,220.5,3.5,2,0.1,5,151.6
0.64,784,343,220.5,3.5,3,0.1,5,153.7
0.64,784,343,220.5,3.5,4,0.1,5,151.2
0.64,784,343,220.5,3.5,5,0.1,5,153.6
0.62,808.5,367.5,220.5,3.5,2,0.1,5,125.9
0.62,808.5,367.5,220.5,3.5,3,0.1,5,127.4
0.62,808.5,367.5,220.5,3.5,4,0.1,5,128
0.62,808.5,367.5,220.5,3.5,5,0.1,5,126.2
0.98,514.5,294,110.25,7,2,0.25,1,281.5
0.98,514.5,294,110.25,7,3,0.25,1,281.5
0.98,514.5,294,110.25,7,4,0.25,1,283.7
0.98,514.5,294,110.25,7,5,0.25,1,284.1
0.9,563.5,318.5,122.5,7,2,0.25,1,326.8
0.9,563.5,318.5,122.5,7,3,0.25,1,334.8
0.9,563.5,318.5,122.5,7,4,0.25,1,328.4
0.9,563.5,318.5,122.5,7,5,0.25,1,320
0.86,588,294,147,7,2,0.25,1,295.4
0.86,588,294,147,7,3,0.25,1,300.5
0.86,588,294,147,7,4,0.25,1,296
0.86,588,294,147,7,5,0.25,1,286.6
0.82,612.5,318.5,147,7,2,0.25,1,268.4
0.82,612.5,318.5,147,7,3,0.25,1,272.7
0.82,612.5,318.5,147,7,4,0.25,1,269.7
0.82,612.5,318.5,147,7,5,0.25,1,261.9
0.79,637,343,147,7,2,0.25,1,386.7
0.79,637,343,147,7,3,0.25,1,400.3
0.79,637,343,147,7,4,0.25,1,398.6
0.79,637,343,147,7,5,0.25,1,390.4
0.76,661.5,416.5,122.5,7,2,0.25,1,369.6
0.76,661.5,416.5,122.5,7,3,0.25,1,361.3
0.76,661.5,416.5,122.5,7,4,0.25,1,369.1
0.76,661.5,416.5,122.5,7,5,0.25,1,364.3
0.74,686,245,220.5,3.5,2,0.25,1,124.3
0.74,686,245,220.5,3.5,3,0.25,1,125
0.74,686,245,220.5,3.5,4,0.25,1,124.1
0.74,686,245,220.5,3.5,5,0.25,1,124.5
0.71,710.5,269.5,220.5,3.5,2,0.25,1,125.7
0.71,710.5,269.5,220.5,3.5,3,0.25,1,126.5
0.71,710.5,269.5,220.5,3.5,4,0.25,1,125.7
0.71,710.5,269.5,220.5,3.5,5,0.25,1,126.3
0.69,735,294,220.5,3.5,2,0.25,1,127.8
0.69,735,294,220.5,3.5,3,0.25,1,129.3
0.69,735,294,220.5,3.5,4,0.25,1,127.3
0.69,735,294,220.5,3.5,5,0.25,1,127.2
0.66,759.5,318.5,220.5,3.5,2,0.25,1,131.7
0.66,759.5,318.5,220.5,3.5,3,0.25,1,131.8
0.66,759.5,318.5,220.5,3.5,4,0.25,1,131.7
0.66,759.5,318.5,220.5,3.5,5,0.25,1,131.8
0.64,784,343,220.5,3.5,2,0.25,1,175
0.64,784,343,220.5,3.5,3,0.25,1,173.5
0.64,784,343,220.5,3.5,4,0.25,1,175.2
0.64,784,343,220.5,3.5,5,0.25,1,173.7
0.62,808.5,367.5,220.5,3.5,2,0.25,1,150.9
0.62,808.5,367.5,220.5,3.5,3,0.25,1,151.2
0.62,808.5,367.5,220.5,3.5,4,0.25,1,150.8
0.62,808.5,367.5,220.5,3.5,5,0.25,1,151.6
0.98,514.5,294,110.25,7,2,0.25,2,286.7
0.98,514.5,294,110.25,7,3,0.25,2,285.7
0.98,514.5,294,110.25,7,4,0.25,2,281.8
0.98,514.5,294,110.25,7,5,0.25,2,286
0.9,563.5,318.5,122.5,7,2,0.25,2,324.6
0.9,563.5,318.5,122.5,7,3,0.25,2,332.7
0.9,563.5,318.5,122.5,7,4,0.25,2,323.3
0.9,563.5,318.5,122.5,7,5,0.25,2,316.6
0.86,588,294,147,7,2,0.25,2,293.4
0.86,588,294,147,7,3,0.25,2,298.7
0.86,588,294,147,7,4,0.25,2,292.7
0.86,588,294,147,7,5,0.25,2,284
0.82,612.5,318.5,147,7,2,0.25,2,257.4
0.82,612.5,318.5,147,7,3,0.25,2,259.8
0.82,612.5,318.5,147,7,4,0.25,2,253.8
0.82,612.5,318.5,147,7,5,0.25,2,249.4
0.79,637,343,147,7,2,0.25,2,385.7
0.79,637,343,147,7,3,0.25,2,401.9
0.79,637,343,147,7,4,0.25,2,399.7
0.79,637,343,147,7,5,0.25,2,389.8
0.76,661.5,416.5,122.5,7,2,0.25,2,369.5
0.76,661.5,416.5,122.5,7,3,0.25,2,362.8
0.76,661.5,416.5,122.5,7,4,0.25,2,368.6
0.76,661.5,416.5,122.5,7,5,0.25,2,364.5
0.74,686,245,220.5,3.5,2,0.25,2,123.5
0.74,686,245,220.5,3.5,3,0.25,2,124.5
0.74,686,245,220.5,3.5,4,0.25,2,121.6
0.74,686,245,220.5,3.5,5,0.25,2,123
0.71,710.5,269.5,220.5,3.5,2,0.25,2,123.3
0.71,710.5,269.5,220.5,3.5,3,0.25,2,122.9
0.71,710.5,269.5,220.5,3.5,4,0.25,2,122
0.71,710.5,269.5,220.5,3.5,5,0.25,2,124.9
0.69,735,294,220.5,3.5,2,0.25,2,128.5
0.69,735,294,220.5,3.5,3,0.25,2,128.7
0.69,735,294,220.5,3.5,4,0.25,2,127.3
0.69,735,294,220.5,3.5,5,0.25,2,129.5
0.66,759.5,318.5,220.5,3.5,2,0.25,2,130.5
0.66,759.5,318.5,220.5,3.5,3,0.25,2,129.3
0.66,759.5,318.5,220.5,3.5,4,0.25,2,127.7
0.66,759.5,318.5,220.5,3.5,5,0.25,2,130
0.64,784,343,220.5,3.5,2,0.25,2,171.4
0.64,784,343,220.5,3.5,3,0.25,2,168.4
0.64,784,343,220.5,3.5,4,0.25,2,170.2
0.64,784,343,220.5,3.5,5,0.25,2,171.1
0.62,808.5,367.5,220.5,3.5,2,0.25,2,143.4
0.62,808.5,367.5,220.5,3.5,3,0.25,2,146.6
0.62,808.5,367.5,220.5,3.5,4,0.25,2,146
0.62,808.5,367.5,220.5,3.5,5,0.25,2,146
0.98,514.5,294,110.25,7,2,0.25,3,286.7
0.98,514.5,294,110.25,7,3,0.25,3,285.6
0.98,514.5,294,110.25,7,4,0.25,3,281.7
0.98,514.5,294,110.25,7,5,0.25,3,286.3
0.9,563.5,318.5,122.5,7,2,0.25,3,316.3
0.9,563.5,318.5,122.5,7,3,0.25,3,324
0.9,563.5,318.5,122.5,7,4,0.25,3,326.8
0.9,563.5,318.5,122.5,7,5,0.25,3,322.9
0.86,588,294,147,7,2,0.25,3,284
0.86,588,294,147,7,3,0.25,3,294
0.86,588,294,147,7,4,0.25,3,294.3
0.86,588,294,147,7,5,0.25,3,290.7
0.82,612.5,318.5,147,7,2,0.25,3,247
0.82,612.5,318.5,147,7,3,0.25,3,254.8
0.82,612.5,318.5,147,7,4,0.25,3,253.7
0.82,612.5,318.5,147,7,5,0.25,3,251.7
0.79,637,343,147,7,2,0.25,3,390.4
0.79,637,343,147,7,3,0.25,3,383.5
0.79,637,343,147,7,4,0.25,3,398.1
0.79,637,343,147,7,5,0.25,3,398.3
0.76,661.5,416.5,122.5,7,2,0.25,3,359.9
0.76,661.5,416.5,122.5,7,3,0.25,3,365.9
0.76,661.5,416.5,122.5,7,4,0.25,3,356.4
0.76,661.5,416.5,122.5,7,5,0.25,3,365.2
0.74,686,245,220.5,3.5,2,0.25,3,118
0.74,686,245,220.5,3.5,3,0.25,3,120.3
0.74,686,245,220.5,3.5,4,0.25,3,119.8
0.74,686,245,220.5,3.5,5,0.25,3,116.9
0.71,710.5,269.5,220.5,3.5,2,0.25,3,124.1
0.71,710.5,269.5,220.5,3.5,3,0.25,3,122.8
0.71,710.5,269.5,220.5,3.5,4,0.25,3,121
0.71,710.5,269.5,220.5,3.5,5,0.25,3,121.9
0.69,735,294,220.5,3.5,2,0.25,3,123.4
0.69,735,294,220.5,3.5,3,0.25,3,124.6
0.69,735,294,220.5,3.5,4,0.25,3,123.1
0.69,735,294,220.5,3.5,5,0.25,3,121.2
0.66,759.5,318.5,220.5,3.5,2,0.25,3,129.7
0.66,759.5,318.5,220.5,3.5,3,0.25,3,130.1
0.66,759.5,318.5,220.5,3.5,4,0.25,3,127.4
0.66,759.5,318.5,220.5,3.5,5,0.25,3,128.4
0.64,784,343,220.5,3.5,2,0.25,3,168.3
0.64,784,343,220.5,3.5,3,0.25,3,169.3
0.64,784,343,220.5,3.5,4,0.25,3,166.6
0.64,784,343,220.5,3.5,5,0.25,3,168.6
0.62,808.5,367.5,220.5,3.5,2,0.25,3,139.1
0.62,808.5,367.5,220.5,3.5,3,0.25,3,143.4
0.62,808.5,367.5,220.5,3.5,4,0.25,3,139.5
0.62,808.5,367.5,220.5,3.5,5,0.25,3,139.9
0.98,514.5,294,110.25,7,2,0.25,4,287
0.98,514.5,294,110.25,7,3,0.25,4,285.5
0.98,514.5,294,110.25,7,4,0.25,4,281.5
0.98,514.5,294,110.25,7,5,0.25,4,286.2
0.9,563.5,318.5,122.5,7,2,0.25,4,326.7
0.9,563.5,318.5,122.5,7,3,0.25,4,316.9
0.9,563.5,318.5,122.5,7,4,0.25,4,320.7
0.9,563.5,318.5,122.5,7,5,0.25,4,332.8
0.86,588,294,147,7,2,0.25,4,294.7
0.86,588,294,147,7,3,0.25,4,284.2
0.86,588,294,147,7,4,0.25,4,290.8
0.86,588,294,147,7,5,0.25,4,298.8
0.82,612.5,318.5,147,7,2,0.25,4,256.6
0.82,612.5,318.5,147,7,3,0.25,4,249.6
0.82,612.5,318.5,147,7,4,0.25,4,254.3
0.82,612.5,318.5,147,7,5,0.25,4,260
0.79,637,343,147,7,2,0.25,4,400
0.79,637,343,147,7,3,0.25,4,388.4
0.79,637,343,147,7,4,0.25,4,383.3
0.79,637,343,147,7,5,0.25,4,401.2
0.76,661.5,416.5,122.5,7,2,0.25,4,369.5
0.76,661.5,416.5,122.5,7,3,0.25,4,364.5
0.76,661.5,416.5,122.5,7,4,0.25,4,368.1
0.76,661.5,416.5,122.5,7,5,0.25,4,362.6
0.74,686,245,220.5,3.5,2,0.25,4,123.2
0.74,686,245,220.5,3.5,3,0.25,4,123
0.74,686,245,220.5,3.5,4,0.25,4,121.8
0.74,686,245,220.5,3.5,5,0.25,4,124.3
0.71,710.5,269.5,220.5,3.5,2,0.25,4,123.6
0.71,710.5,269.5,220.5,3.5,3,0.25,4,124.9
0.71,710.5,269.5,220.5,3.5,4,0.25,4,121.7
0.71,710.5,269.5,220.5,3.5,5,0.25,4,122.8
0.69,735,294,220.5,3.5,2,0.25,4,129.1
0.69,735,294,220.5,3.5,3,0.25,4,129.5
0.69,735,294,220.5,3.5,4,0.25,4,126.7
0.69,735,294,220.5,3.5,5,0.25,4,128.6
0.66,759.5,318.5,220.5,3.5,2,0.25,4,129.5
0.66,759.5,318.5,220.5,3.5,3,0.25,4,130
0.66,759.5,318.5,220.5,3.5,4,0.25,4,128.6
0.66,759.5,318.5,220.5,3.5,5,0.25,4,129.2
0.64,784,343,220.5,3.5,2,0.25,4,169.9
0.64,784,343,220.5,3.5,3,0.25,4,166.9
0.64,784,343,220.5,3.5,4,0.25,4,165.6
0.64,784,343,220.5,3.5,5,0.25,4,166.2
0.62,808.5,367.5,220.5,3.5,2,0.25,4,143.3
0.62,808.5,367.5,220.5,3.5,3,0.25,4,146.1
0.62,808.5,367.5,220.5,3.5,4,0.25,4,146.1
0.62,808.5,367.5,220.5,3.5,5,0.25,4,146.5
0.98,514.5,294,110.25,7,2,0.25,5,286.9
0.98,514.5,294,110.25,7,3,0.25,5,285.8
0.98,514.5,294,110.25,7,4,0.25,5,281.5
0.98,514.5,294,110.25,7,5,0.25,5,286.1
0.9,563.5,318.5,122.5,7,2,0.25,5,331.3
0.9,563.5,318.5,122.5,7,3,0.25,5,323.1
0.9,563.5,318.5,122.5,7,4,0.25,5,315.3
0.9,563.5,318.5,122.5,7,5,0.25,5,324.6
0.86,588,294,147,7,2,0.25,5,297.1
0.86,588,294,147,7,3,0.25,5,290.9
0.86,588,294,147,7,4,0.25,5,283.1
0.86,588,294,147,7,5,0.25,5,293.9
0.82,612.5,318.5,147,7,2,0.25,5,257
0.82,612.5,318.5,147,7,3,0.25,5,251.7
0.82,612.5,318.5,147,7,4,0.25,5,246
0.82,612.5,318.5,147,7,5,0.25,5,254.9
0.79,637,343,147,7,2,0.25,5,398.9
0.79,637,343,147,7,3,0.25,5,398.3
0.79,637,343,147,7,4,0.25,5,390.1
0.79,637,343,147,7,5,0.25,5,386.5
0.76,661.5,416.5,122.5,7,2,0.25,5,356.9
0.76,661.5,416.5,122.5,7,3,0.25,5,366.4
0.76,661.5,416.5,122.5,7,4,0.25,5,360.6
0.76,661.5,416.5,122.5,7,5,0.25,5,367
0.74,686,245,220.5,3.5,2,0.25,5,121.2
0.74,686,245,220.5,3.5,3,0.25,5,116.7
0.74,686,245,220.5,3.5,4,0.25,5,116.4
0.74,686,245,220.5,3.5,5,0.25,5,120.2
0.71,710.5,269.5,220.5,3.5,2,0.25,5,122.7
0.71,710.5,269.5,220.5,3.5,3,0.25,5,121.9
0.71,710.5,269.5,220.5,3.5,4,0.25,5,122.5
0.71,710.5,269.5,220.5,3.5,5,0.25,5,122.7
0.69,735,294,220.5,3.5,2,0.25,5,124.7
0.69,735,294,220.5,3.5,3,0.25,5,121.2
0.69,735,294,220.5,3.5,4,0.25,5,121.8
0.69,735,294,220.5,3.5,5,0.25,5,124.7
0.66,759.5,318.5,220.5,3.5,2,0.25,5,129.3
0.66,759.5,318.5,220.5,3.5,3,0.25,5,128.2
0.66,759.5,318.5,220.5,3.5,4,0.25,5,127.8
0.66,759.5,318.5,220.5,3.5,5,0.25,5,130.2
0.64,784,343,220.5,3.5,2,0.25,5,167.3
0.64,784,343,220.5,3.5,3,0.25,5,168.6
0.64,784,343,220.5,3.5,4,0.25,5,167.6
0.64,784,343,220.5,3.5,5,0.25,5,169.2
0.62,808.5,367.5,220.5,3.5,2,0.25,5,136.8
0.62,808.5,367.5,220.5,3.5,3,0.25,5,139.9
0.62,808.5,367.5,220.5,3.5,4,0.25,5,141.6
0.62,808.5,367.5,220.5,3.5,5,0.25,5,138.6
0.98,514.5,294,110.25,7,2,0.4,1,322.6
0.98,514.5,294,110.25,7,3,0.4,1,322.6
0.98,514.5,294,110.25,7,4,0.4,1,324.9
0.98,514.5,294,110.25,7,5,0.4,1,325.3
0.9,563.5,318.5,122.5,7,2,0.4,1,364.7
0.9,563.5,318.5,122.5,7,3,0.4,1,372.4
0.9,563.5,318.5,122.5,7,4,0.4,1,366.6
0.9,563.5,318.5,122.5,7,5,0.4,1,359.6
0.86,588,294,147,7,2,0.4,1,318.9
0.86,588,294,147,7,3,0.4,1,323.9
0.86,588,294,147,7,4,0.4,1,320.9
0.86,588,294,147,7,5,0.4,1,312.9
0.82,612.5,318.5,147,7,2,0.4,1,292.2
0.82,612.5,318.5,147,7,3,0.4,1,299.1
0.82,612.5,318.5,147,7,4,0.4,1,295.3
0.82,612.5,318.5,147,7,5,0.4,1,286.5
0.79,637,343,147,7,2,0.4,1,414
0.79,637,343,147,7,3,0.4,1,426.2
0.79,637,343,147,7,4,0.4,1,425
0.79,637,343,147,7,5,0.4,1,416.7
0.76,661.5,416.5,122.5,7,2,0.4,1,407.8
0.76,661.5,416.5,122.5,7,3,0.4,1,399.7
0.76,661.5,416.5,122.5,7,4,0.4,1,407.1
0.76,661.5,416.5,122.5,7,5,0.4,1,404.3
0.74,686,245,220.5,3.5,2,0.4,1,145.2
0.74,686,245,220.5,3.5,3,0.4,1,146.1
0.74,686,245,220.5,3.5,4,0.4,1,145
0.74,686,245,220.5,3.5,5,0.4,1,145.5
0.71,710.5,269.5,220.5,3.5,2,0.4,1,145.1
0.71,710.5,269.5,220.5,3.5,3,0.4,1,146
0.71,710.5,269.5,220.5,3.5,4,0.4,1,145
0.71,710.5,269.5,220.5,3.5,5,0.4,1,145.8
0.69,735,294,220.5,3.5,2,0.4,1,145.1
0.69,735,294,220.5,3.5,3,0.4,1,147
0.69,735,294,220.5,3.5,4,0.4,1,144.2
0.69,735,294,220.5,3.5,5,0.4,1,144.2
0.66,759.5,318.5,220.5,3.5,2,0.4,1,152.3
0.66,759.5,318.5,220.5,3.5,3,0.4,1,152.3
0.66,759.5,318.5,220.5,3.5,4,0.4,1,152.3
0.66,759.5,318.5,220.5,3.5,5,0.4,1,152.3
0.64,784,343,220.5,3.5,2,0.4,1,195.2
0.64,784,343,220.5,3.5,3,0.4,1,193.6
0.64,784,343,220.5,3.5,4,0.4,1,194.8
0.64,784,343,220.5,3.5,5,0.4,1,194.2
0.62,808.5,367.5,220.5,3.5,2,0.4,1,150.9
0.62,808.5,367.5,220.5,3.5,3,0.4,1,171.7
0.62,808.5,367.5,220.5,3.5,4,0.4,1,171.4
0.62,808.5,367.5,220.5,3.5,5,0.4,1,171.4
0.98,514.5,294,110.25,7,2,0.4,2,328.2
0.98,514.5,294,110.25,7,3,0.4,2,327.1
0.98,514.5,294,110.25,7,4,0.4,2,322.4
0.98,514.5,294,110.25,7,5,0.4,2,327.2
0.9,563.5,318.5,122.5,7,2,0.4,2,358.4
0.9,563.5,318.5,122.5,7,3,0.4,2,365.7
0.9,563.5,318.5,122.5,7,4,0.4,2,360.6
0.9,563.5,318.5,122.5,7,5,0.4,2,356.9
0.86,588,294,147,7,2,0.4,2,324.8
0.86,588,294,147,7,3,0.4,2,327.4
0.86,588,294,147,7,4,0.4,2,321.3
0.86,588,294,147,7,5,0.4,2,316.4
0.82,612.5,318.5,147,7,2,0.4,2,289.5
0.82,612.5,318.5,147,7,3,0.4,2,294.9
0.82,612.5,318.5,147,7,4,0.4,2,286.4
0.82,612.5,318.5,147,7,5,0.4,2,280.1
0.79,637,343,147,7,2,0.4,2,416.4
0.79,637,343,147,7,3,0.4,2,431
0.79,637,343,147,7,4,0.4,2,427.4
0.79,637,343,147,7,5,0.4,2,419.2
0.76,661.5,416.5,122.5,7,2,0.4,2,407.8
0.76,661.5,416.5,122.5,7,3,0.4,2,401.5
0.76,661.5,416.5,122.5,7,4,0.4,2,405.7
0.76,661.5,416.5,122.5,7,5,0.4,2,404.2
0.74,686,245,220.5,3.5,2,0.4,2,145.4
0.74,686,245,220.5,3.5,3,0.4,2,144.5
0.74,686,245,220.5,3.5,4,0.4,2,141.8
0.74,686,245,220.5,3.5,5,0.4,2,145
0.71,710.5,269.5,220.5,3.5,2,0.4,2,147
0.71,710.5,269.5,220.5,3.5,3,0.4,2,146.6
0.71,710.5,269.5,220.5,3.5,4,0.4,2,144
0.71,710.5,269.5,220.5,3.5,5,0.4,2,147.1
0.69,735,294,220.5,3.5,2,0.4,2,147.5
0.69,735,294,220.5,3.5,3,0.4,2,147.1
0.69,735,294,220.5,3.5,4,0.4,2,143.3
0.69,735,294,220.5,3.5,5,0.4,2,146.2
0.66,759.5,318.5,220.5,3.5,2,0.4,2,153.4
0.66,759.5,318.5,220.5,3.5,3,0.4,2,152.9
0.66,759.5,318.5,220.5,3.5,4,0.4,2,150.9
0.66,759.5,318.5,220.5,3.5,5,0.4,2,153
0.64,784,343,220.5,3.5,2,0.4,2,192
0.64,784,343,220.5,3.5,3,0.4,2,188.8
0.64,784,343,220.5,3.5,4,0.4,2,189
0.64,784,343,220.5,3.5,5,0.4,2,191.2
0.62,808.5,367.5,220.5,3.5,2,0.4,2,167.6
0.62,808.5,367.5,220.5,3.5,3,0.4,2,172.3
0.62,808.5,367.5,220.5,3.5,4,0.4,2,172.6
0.62,808.5,367.5,220.5,3.5,5,0.4,2,171.5
0.98,514.5,294,110.25,7,2,0.4,3,328.2
0.98,514.5,294,110.25,7,3,0.4,3,326.9
0.98,514.5,294,110.25,7,4,0.4,3,322.3
0.98,514.5,294,110.25,7,5,0.4,3,327.5
0.9,563.5,318.5,122.5,7,2,0.4,3,342.4
0.9,563.5,318.5,122.5,7,3,0.4,3,349.5
0.9,563.5,318.5,122.5,7,4,0.4,3,350.5
0.9,563.5,318.5,122.5,7,5,0.4,3,342.9
0.86,588,294,147,7,2,0.4,3,312.8
0.86,588,294,147,7,3,0.4,3,321.2
0.86,588,294,147,7,4,0.4,3,320.5
0.86,588,294,147,7,5,0.4,3,318.4
0.82,612.5,318.5,147,7,2,0.4,3,286.7
0.82,612.5,318.5,147,7,3,0.4,3,296.7
0.82,612.5,318.5,147,7,4,0.4,3,294.7
0.82,612.5,318.5,147,7,5,0.4,3,289.1
0.79,637,343,147,7,2,0.4,3,412.6
0.79,637,343,147,7,3,0.4,3,413
0.79,637,343,147,7,4,0.4,3,424.9
0.79,637,343,147,7,5,0.4,3,420.8
0.76,661.5,416.5,122.5,7,2,0.4,3,393.2
0.76,661.5,416.5,122.5,7,3,0.4,3,398.4
0.76,661.5,416.5,122.5,7,4,0.4,3,388.9
0.76,661.5,416.5,122.5,7,5,0.4,3,396.8
0.74,686,245,220.5,3.5,2,0.4,3,139.7
0.74,686,245,220.5,3.5,3,0.4,3,142.2
0.74,686,245,220.5,3.5,4,0.4,3,141
0.74,686,245,220.5,3.5,5,0.4,3,137.8
0.71,710.5,269.5,220.5,3.5,2,0.4,3,140.7
0.71,710.5,269.5,220.5,3.5,3,0.4,3,140.3
0.71,710.5,269.5,220.5,3.5,4,0.4,3,139.4
0.71,710.5,269.5,220.5,3.5,5,0.4,3,138.6
0.69,735,294,220.5,3.5,2,0.4,3,143.2
0.69,735,294,220.5,3.5,3,0.4,3,145.6
0.69,735,294,220.5,3.5,4,0.4,3,143.3
0.69,735,294,220.5,3.5,5,0.4,3,140.8
0.66,759.5,318.5,220.5,3.5,2,0.4,3,151.6
0.66,759.5,318.5,220.5,3.5,3,0.4,3,151.8
0.66,759.5,318.5,220.5,3.5,4,0.4,3,147.2
0.66,759.5,318.5,220.5,3.5,5,0.4,3,149
0.64,784,343,220.5,3.5,2,0.4,3,184.8
0.64,784,343,220.5,3.5,3,0.4,3,187.1
0.64,784,343,220.5,3.5,4,0.4,3,184.8
0.64,784,343,220.5,3.5,5,0.4,3,184.6
0.62,808.5,367.5,220.5,3.5,2,0.4,3,164.7
0.62,808.5,367.5,220.5,3.5,3,0.4,3,163.5
0.62,808.5,367.5,220.5,3.5,4,0.4,3,165.5
0.62,808.5,367.5,220.5,3.5,5,0.4,3,167.4
0.98,514.5,294,110.25,7,2,0.4,4,328.5
0.98,514.5,294,110.25,7,3,0.4,4,326.7
0.98,514.5,294,110.25,7,4,0.4,4,322.1
0.98,514.5,294,110.25,7,5,0.4,4,327.4
0.9,563.5,318.5,122.5,7,2,0.4,4,364.5
0.9,563.5,318.5,122.5,7,3,0.4,4,357.3
0.9,563.5,318.5,122.5,7,4,0.4,4,354
0.9,563.5,318.5,122.5,7,5,0.4,4,365.7
0.86,588,294,147,7,2,0.4,4,323.8
0.86,588,294,147,7,3,0.4,4,316.6
0.86,588,294,147,7,4,0.4,4,321.5
0.86,588,294,147,7,5,0.4,4,327.5
0.82,612.5,318.5,147,7,2,0.4,4,289.3
0.82,612.5,318.5,147,7,3,0.4,4,280.5
0.82,612.5,318.5,147,7,4,0.4,4,286.4
0.82,612.5,318.5,147,7,5,0.4,4,295.2
0.79,637,343,147,7,2,0.4,4,427.7
0.79,637,343,147,7,3,0.4,4,417.3
0.79,637,343,147,7,4,0.4,4,413.2
0.79,637,343,147,7,5,0.4,4,429.6
0.76,661.5,416.5,122.5,7,2,0.4,4,406.8
0.76,661.5,416.5,122.5,7,3,0.4,4,404
0.76,661.5,416.5,122.5,7,4,0.4,4,406
0.76,661.5,416.5,122.5,7,5,0.4,4,401.1
0.74,686,245,220.5,3.5,2,0.4,4,143.7
0.74,686,245,220.5,3.5,3,0.4,4,144.8
0.74,686,245,220.5,3.5,4,0.4,4,143.2
0.74,686,245,220.5,3.5,5,0.4,4,144.4
0.71,710.5,269.5,220.5,3.5,2,0.4,4,146
0.71,710.5,269.5,220.5,3.5,3,0.4,4,147
0.71,710.5,269.5,220.5,3.5,4,0.4,4,144.7
0.71,710.5,269.5,220.5,3.5,5,0.4,4,146.6
0.69,735,294,220.5,3.5,2,0.4,4,145.4
0.69,735,294,220.5,3.5,3,0.4,4,146.2
0.69,735,294,220.5,3.5,4,0.4,4,145.3
0.69,735,294,220.5,3.5,5,0.4,4,147.1
0.66,759.5,318.5,220.5,3.5,2,0.4,4,153.4
0.66,759.5,318.5,220.5,3.5,3,0.4,4,152.9
0.66,759.5,318.5,220.5,3.5,4,0.4,4,150.9
0.66,759.5,318.5,220.5,3.5,5,0.4,4,153
0.64,784,343,220.5,3.5,2,0.4,4,190.6
0.64,784,343,220.5,3.5,3,0.4,4,191.3
0.64,784,343,220.5,3.5,4,0.4,4,190
0.64,784,343,220.5,3.5,5,0.4,4,188.4
0.62,808.5,367.5,220.5,3.5,2,0.4,4,164.4
0.62,808.5,367.5,220.5,3.5,3,0.4,4,169
0.62,808.5,367.5,220.5,3.5,4,0.4,4,169.4
0.62,808.5,367.5,220.5,3.5,5,0.4,4,167.7
0.98,514.5,294,110.25,7,2,0.4,5,328.4
0.98,514.5,294,110.25,7,3,0.4,5,327.2
0.98,514.5,294,110.25,7,4,0.4,5,322.1
0.98,514.5,294,110.25,7,5,0.4,5,327.3
0.9,563.5,318.5,122.5,7,2,0.4,5,356.7
0.9,563.5,318.5,122.5,7,3,0.4,5,350.1
0.9,563.5,318.5,122.5,7,4,0.4,5,347.2
0.9,563.5,318.5,122.5,7,5,0.4,5,352.4
0.86,588,294,147,7,2,0.4,5,323.1
0.86,588,294,147,7,3,0.4,5,318.1
0.86,588,294,147,7,4,0.4,5,311.2
0.86,588,294,147,7,5,0.4,5,320.6
0.82,612.5,318.5,147,7,2,0.4,5,300
0.82,612.5,318.5,147,7,3,0.4,5,295
0.82,612.5,318.5,147,7,4,0.4,5,290.6
0.82,612.5,318.5,147,7,5,0.4,5,299.2
0.79,637,343,147,7,2,0.4,5,421.1
0.79,637,343,147,7,3,0.4,5,419.6
0.79,637,343,147,7,4,0.4,5,410.9
0.79,637,343,147,7,5,0.4,5,407.9
0.76,661.5,416.5,122.5,7,2,0.4,5,388.2
0.76,661.5,416.5,122.5,7,3,0.4,5,397.2
0.76,661.5,416.5,122.5,7,4,0.4,5,393.1
0.76,661.5,416.5,122.5,7,5,0.4,5,398.6
0.74,686,245,220.5,3.5,2,0.4,5,144.1
0.74,686,245,220.5,3.5,3,0.4,5,141.9
0.74,686,245,220.5,3.5,4,0.4,5,141.7
0.74,686,245,220.5,3.5,5,0.4,5,143.9
0.71,710.5,269.5,220.5,3.5,2,0.4,5,124.3
0.71,710.5,269.5,220.5,3.5,3,0.4,5,126.3
0.71,710.5,269.5,220.5,3.5,4,0.4,5,127.6
0.71,710.5,269.5,220.5,3.5,5,0.4,5,124.2
0.69,735,294,220.5,3.5,2,0.4,5,141.2
0.69,735,294,220.5,3.5,3,0.4,5,142.8
0.69,735,294,220.5,3.5,4,0.4,5,143.7
0.69,735,294,220.5,3.5,5,0.4,5,142.1
0.66,759.5,318.5,220.5,3.5,2,0.4,5,149.6
0.66,759.5,318.5,220.5,3.5,3,0.4,5,149.2
0.66,759.5,318.5,220.5,3.5,4,0.4,5,149.2
0.66,759.5,318.5,220.5,3.5,5,0.4,5,151.6
0.64,784,343,220.5,3.5,2,0.4,5,176.9
0.64,784,343,220.5,3.5,3,0.4,5,181.9
0.64,784,343,220.5,3.5,4,0.4,5,181.6
0.64,784,343,220.5,3.5,5,0.4,5,178.8
0.62,808.5,367.5,220.5,3.5,2,0.4,5,165.4
0.62,808.5,367.5,220.5,3.5,3,0.4,5,164.4
0.62,808.5,367.5,220.5,3.5,4,0.4,5,164.8
0.62,808.5,367.5,220.5,3.5,5,0.4,5,166.4
